{"cameraMode":{"drawMode":0,"name":"Shaded","section":"Shading Mode"},"sceneLighting":false,"audioPlay":false,"sceneViewState":{"showFog":true,"showMaterialUpdate":false,"showSkybox":false,"showFlares":true,"showImageEffects":true,"showParticleSystems":true},"in2DMode":false,"pivot":{"x":1.0143470764160157,"y":-1.7936630249023438,"z":1.3412933349609376},"rotation":{"x":0.54783695936203,"y":0.09859452396631241,"z":-0.0652400404214859,"w":0.828215479850769},"size":11.220688819885254,"orthographic":false}