{"cameraMode":{"drawMode":0,"name":"Shaded","section":"Shading Mode"},"sceneLighting":false,"audioPlay":false,"sceneViewState":{"showFog":true,"showMaterialUpdate":false,"showSkybox":false,"showFlares":true,"showImageEffects":true,"showParticleSystems":true},"in2DMode":false,"pivot":{"x":-15.800000190734864,"y":0.4916191101074219,"z":0.8600000143051148},"rotation":{"x":0.5217199921607971,"y":-0.01791268214583397,"z":0.01095774956047535,"w":0.8528591394424439},"size":10.0,"orthographic":true}