{"cameraMode":{"drawMode":0,"name":"Shaded","section":"Shading Mode"},"sceneLighting":false,"audioPlay":false,"sceneViewState":{"showFog":true,"showMaterialUpdate":false,"showSkybox":false,"showFlares":true,"showImageEffects":true,"showParticleSystems":true},"in2DMode":false,"pivot":{"x":1.026732325553894,"y":-0.0478515625,"z":-0.37265175580978396},"rotation":{"x":0.8036448955535889,"y":0.04260941222310066,"z":-0.05796215683221817,"w":0.5907636880874634},"size":9.157021522521973,"orthographic":true}