{"cameraMode":{"drawMode":0,"name":"Shaded","section":"Shading Mode"},"sceneLighting":true,"audioPlay":false,"sceneViewState":{"showFog":true,"showMaterialUpdate":false,"showSkybox":true,"showFlares":true,"showImageEffects":true,"showParticleSystems":true},"in2DMode":false,"pivot":{"x":-1.6072998046875,"y":-1.70703125,"z":1.3037109375},"rotation":{"x":0.3737264573574066,"y":-0.11914579570293427,"z":0.048515886068344119,"w":0.9185962677001953},"size":18.269363403320314,"orthographic":true}