{"cameraMode":{"drawMode":0,"name":"Shaded","section":"Shading Mode"},"sceneLighting":false,"audioPlay":false,"sceneViewState":{"showFog":true,"showMaterialUpdate":false,"showSkybox":false,"showFlares":true,"showImageEffects":true,"showParticleSystems":true},"in2DMode":false,"pivot":{"x":-3.15130615234375,"y":-0.395751953125,"z":0.07421875},"rotation":{"x":0.9992144107818604,"y":0.00040437321877107024,"z":-0.010492322966456414,"w":0.03838654235005379},"size":14.672818183898926,"orthographic":true}