{"cameraMode":{"drawMode":0,"name":"Shaded","section":"Shading Mode"},"sceneLighting":false,"audioPlay":false,"sceneViewState":{"showFog":true,"showMaterialUpdate":false,"showSkybox":true,"showFlares":true,"showImageEffects":true,"showParticleSystems":true},"in2DMode":false,"pivot":{"x":3.125194549560547,"y":-21.50014877319336,"z":23.783275604248048},"rotation":{"x":0.2993571162223816,"y":-0.12830553948879243,"z":0.040655702352523807,"w":0.9446157813072205},"size":43.74444580078125,"orthographic":false}