{"cameraMode":{"drawMode":0,"name":"Shaded","section":"Shading Mode"},"sceneLighting":false,"audioPlay":false,"sceneViewState":{"m_AlwaysRefresh":false,"showFog":true,"showSkybox":false,"showFlares":true,"showImageEffects":true,"showParticleSystems":true,"showVisualEffectGraphs":true,"m_FxEnabled":true},"in2DMode":false,"pivot":{"x":-7.24690580368042,"y":3.242072343826294,"z":0.025395631790161134},"rotation":{"x":0.00449989503249526,"y":-0.0030001322738826277,"z":0.000013212788871896919,"w":0.9999884366989136},"size":1.8792567253112794,"orthographic":true}